{
  "dataset_overview": {
    "n_rows": 9551,
    "columns": [
      "Restaurant ID",
      "Restaurant Name",
      "Country Code",
      "City",
      "Address",
      "Locality",
      "Locality Verbose",
      "Longitude",
      "Latitude",
      "Cuisines",
      "Average Cost for two",
      "Currency",
      "Has Table booking",
      "Has Online delivery",
      "Is delivering now",
      "Switch to order menu",
      "Price range",
      "Aggregate rating",
      "Rating color",
      "Rating text",
      "Votes"
    ]
  },
  "level1_top_cuisines": [
    {
      "cuisine": "North Indian",
      "count": 3960,
      "percentage": 41.46
    },
    {
      "cuisine": "Chinese",
      "count": 2735,
      "percentage": 28.64
    },
    {
      "cuisine": "Fast Food",
      "count": 1986,
      "percentage": 20.79
    }
  ],
  "level1_city_analysis": {
    "city_with_most_restaurants": "New Delhi",
    "num_restaurants_in_top_city": 5473,
    "rating_column_used": "Aggregate rating",
    "city_with_highest_avg_rating": "Inner City",
    "avg_rating_per_city_head": {
      "Inner City": 4.9,
      "Quezon City": 4.8,
      "Makati City": 4.65,
      "Pasig City": 4.633333333333334,
      "Mandaluyong City": 4.625,
      "Beechworth": 4.6,
      "London": 4.535,
      "Taguig City": 4.525,
      "Tagaytay City": 4.5,
      "Secunderabad": 4.5
    }
  },
  "level1_price_range": {
    "price_col": "Price range",
    "summary_file": "/mnt/data/analysis_output/price_range_distribution.csv"
  },
  "level1_online_delivery": {
    "online_col": "Has Online delivery",
    "percentage_online_delivery": 25.66,
    "avg_rating_with_online_delivery": 3.25,
    "avg_rating_without_online_delivery": 2.47
  },
  "level1_ratings": {
    "rating_col": "Aggregate rating",
    "rating_distribution_head": {
      "0.0-0.5": 2148,
      "0.5-1.0": 0,
      "1.0-1.5": 0,
      "1.5-2.0": 3,
      "2.0-2.5": 183,
      "2.5-3.0": 1247,
      "3.0-3.5": 2490,
      "3.5-4.0": 2100,
      "4.0-4.5": 1079,
      "4.5-5.0": 301
    },
    "most_common_rating_range": "3.0-3.5",
    "average_votes": 156.91
  },
  "level2_cuisine_combinations": {
    "top_combinations_file": "/mnt/data/analysis_output/top_cuisine_combinations.csv",
    "top_combo_rating_head": {
      "Italian, Deli": 4.9,
      "Hawaiian, Seafood": 4.9,
      "American, Sandwich, Tea": 4.9,
      "Continental, Indian": 4.9,
      "European, Asian, Indian": 4.9,
      "European, Contemporary": 4.9,
      "European, German": 4.9,
      "BBQ, Breakfast, Southern": 4.9,
      "American, Coffee and Tea": 4.9,
      "Sunda, Indonesian": 4.9,
      "American, Burger, Grill": 4.9,
      "Mughlai, Lucknowi": 4.9,
      "Mexican, American, Healthy Food": 4.9,
      "American, Caribbean, Seafood": 4.9,
      "Burger, Bar Food, Steak": 4.9,
      "Italian, Bakery, Continental": 4.9,
      "World Cuisine": 4.9,
      "American, BBQ, Sandwich": 4.9,
      "Filipino, Mexican": 4.85,
      "Italian, American, Pizza": 4.8
    }
  },
  "level2_geographic": {
    "lat_col": "Latitude",
    "lon_col": "Longitude",
    "geo_plot_file": "/mnt/data/analysis_output/geo_locations.png",
    "num_points_plotted": 9551
  },
  "level2_chains": {
    "chains_head_file": "/mnt/data/analysis_output/possible_chains.csv",
    "num_chains_detected": 734
  },
  "level3_reviews": "No review-like column found.",
  "level3_votes": {
    "highest_votes_restaurant_name": "Toit",
    "highest_votes_value": 10934,
    "lowest_votes_restaurant_name": "Cantinho da Gula",
    "lowest_votes_value": 0,
    "votes_rating_correlation": 0.314
  },
  "level3_price_vs_services": {
    "online": {
      "1": 0.15774077407740775,
      "2": 0.41310632830067456,
      "3": 0.2919034090909091,
      "4": 0.09044368600682594
    },
    "table": {
      "1": 0.000225022502250225,
      "2": 0.07677481529071635,
      "3": 0.45738636363636365,
      "4": 0.46757679180887374
    }
  }
}