,count
North Indian,3960
Chinese,2735
Fast Food,1986
Mughlai,995
Italian,764
Bakery,745
Continental,736
Cafe,703
Desserts,653
South Indian,636
Street Food,562
American,390
Pizza,381
Mithai,380
Burger,251
Thai,234
Asian,233
Beverages,229
Ice Cream,226
Mexican,181
Biryani,177
Seafood,174
Healthy Food,150
European,148
Japanese,135
Finger Food,114
Raw Meats,114
Mediterranean,112
Salad,93
Sushi,75
Indian,70
Lebanese,69
Steak,62
Sandwich,53
Tea,48
Tibetan,44
Breakfast,41
Bar Food,39
BBQ,33
French,29
Juices,29
Bengali,29
Arabian,28
Brazilian,28
Hyderabadi,26
Southern,24
Kerala,23
Vegetarian,23
Middle Eastern,22
Malaysian,22
Grill,21
Vietnamese,21
Korean,21
Rajasthani,21
International,21
Kashmiri,20
Goan,20
Coffee and Tea,19
Tapas,19
Tex-Mex,19
British,16
Modern Indian,16
Spanish,16
Greek,15
Turkish,15
Afghani,14
Indonesian,14
Lucknowi,13
Pakistani,12
Gujarati,11
Chettinad,11
Latin American,11
Modern Australian,11
Awadhi,11
Maharashtrian,10
Burmese,10
Filipino,10
Western,10
Cajun,10
German,10
Kebab,10
Andhra,10
North Eastern,9
Contemporary,9
Nepalese,9
African,8
Turkish Pizza,8
Parsi,8
Hawaiian,8
Naga,8
Southwestern,7
Portuguese,7
Caribbean,7
Diner,6
Kiwi,6
Curry,6
South African,6
Bihari,6
Moroccan,5
Sri Lankan,5
Australian,5
Restaurant Cafe,4
Mangalorean,4
Assamese,4
Patisserie,4
World Cuisine,4
Singaporean,4
Charcoal Grill,4
Fusion,4
Sunda,3
Iranian,3
Armenian,3
Deli,3
Dim Sum,3
Scottish,3
South American,2
Izgara,2
Argentine,2
Teriyaki,2
Taiwanese,2
Asian Fusion,2
Cuban,2
Ramen,2
Belgian,2
Cantonese,2
New American,2
Pub Food,2
Drinks Only,2
Persian,2
Oriya,2
Irish,1
Peruvian,1
D�_ner,1
Gourmet Fast Food,1
Mineira,1
Durban,1
Bubble Tea,1
Canadian,1
Peranakan,1
Malay,1
Fish and Chips,1
Malwani,1
Cuisine Varies,1
Soul Food,1
B�_rek,1
